0.99183673, 0.4399499, 2.7819544, 0.0022486271, 0.12655131, 936.69449, -27.478456, 964.17294,0.001000000,0.00010,
1, 0.37354751, 2.3854108, 0.0014656793, 0.12689098, 1139.8196, -16.882002, 1156.7016,0.001000000,0.00676,
0.99656516, 0.31274303, 2.478684, 0.0018579765, 0.12677937, 1046.2452, -19.878196, 1066.1234,0.001000000,0.01342,
0.99508449, 0.33689266, 2.3016249, 0.0008124505, 0.12688877, 1103.0164, -76.588009, 1179.6044,0.001000000,0.02008,
0.9895738, 0.34532181, 2.5365804, 0.0017991246, 0.12672921, 1056.134, -25.444443, 1081.5784,0.001000000,0.02674,
0.99139785, 0.34011907, 2.3498492, 0.0021286698, 0.12697704, 1074.0252, -15.757041, 1089.7823,0.001000000,0.03340,
0.99884673, 0.31311172, 2.4723227, 0.0055005625, 0.12694353, 1084.2878, -20.122622, 1104.4104,0.001000000,0.04006,
0.99301562, 0.30993885, 2.5144977, 0.0029675577, 0.12681112, 1087.9215, -20.215386, 1108.1369,0.001000000,0.04672,
0.99439538, 0.32403473, 2.5331193, 0.0027445943, 0.12682228, 1008.3848, -23.968988, 1032.3538,0.001000000,0.05338,
0.99638304, 0.36483767, 2.4177197, 0.0013175514, 0.12693267, 928.37963, -75.003016, 1003.3826,0.001000000,0.06004,
0.9988816, 0.32112272, 2.5915438, 0.0020088195, 0.12702778, 931.49472, -25.455363, 956.95008,0.001000000,0.06670,
1, 0.37008674, 2.3430577, 0.0019063944, 0.12707035, 923.3886, -24.888122, 948.27672,0.001000000,0.07336,
0.99776398, 0.37342619, 2.5409464, 0.0015488947, 0.12686603, 1007.0268, -22.314914, 1029.3417,0.001000000,0.08002,
0.99880793, 0.32926452, 2.3836864, 0.0073761343, 0.12684071, 1086.4975, -13.780406, 1100.2779,0.001000000,0.08668,
1, 0.35703997, 2.3519383, 0.00119519, 0.12698002, 1040.9615, -15.890528, 1056.852,0.001000000,0.09334,
0.99482571, 0.3180228, 2.3167042, 0.0026286554, 0.12683998, 1065.3588, -20.065401, 1085.4242,0.001000000,0.10000,
0.9971571, 0.35721472, 2.00436, 0.0048494729, 0.12707184, 1050.5535, -22.025588, 1072.5791,0.001533333,0.00010,
0.98983459, 0.33779672, 2.3432754, 0.0038080689, 0.12702316, 1065.395, -15.041021, 1080.436,0.001533333,0.00676,
0.98994826, 0.37733662, 2.3275855, 0.0025451117, 0.12703628, 1068.0189, -15.134335, 1083.1532,0.001533333,0.01342,
0.99540049, 0.38827637, 1.9025052, 0.0031931105, 0.12699734, 1030.0317, -34.501114, 1064.5328,0.001533333,0.02008,
0.99116905, 0.32953227, 2.3166121, 0.0024040797, 0.12670277, 1051.7554, -14.690556, 1066.446,0.001533333,0.02674,
0.99456522, 0.36156448, 2.8448199, 0.00050032051, 0.12693141, 1033.5571, -19.826272, 1053.3834,0.001533333,0.03340,
0.99558117, 0.47638907, 3.1927516, 0.0028942793, 0.12690259, 971.9769, -14.058712, 986.03561,0.001533333,0.04006,
0.99466463, 0.34345452, 2.2705831, 0.00038928497, 0.12689635, 1063.5715, -13.437313, 1077.0088,0.001533333,0.04672,
0.99098092, 0.3561605, 2.3135858, 0.0015453768, 0.12683518, 1100.1544, -19.586925, 1119.7413,0.001533333,0.05338,
0.9890448, 0.3473771, 2.1514397, 0.0019083589, 0.12709451, 1072.9078, -10.859555, 1083.7673,0.001533333,0.06004,
0.99379007, 0.3279063, 2.3716246, 0.0056556727, 0.12708961, 1062.9769, -16.147861, 1079.1247,0.001533333,0.06670,
0.99249773, 0.34447822, 2.3664841, 0.0025823924, 0.12716476, 1052.3191, -13.300521, 1065.6196,0.001533333,0.07336,
0.99680627, 0.35836982, 2.8246678, 0.0046381635, 0.12685515, 1034.797, -21.885508, 1056.6825,0.001533333,0.08002,
0.99167652, 0.33818759, 2.1959109, 0.0021662297, 0.12704936, 1044.0911, -38.474902, 1082.566,0.001533333,0.08668,
0.99083826, 0.32658989, 2.2221915, 0.0033834165, 0.12711108, 1035.5753, -13.579571, 1049.1548,0.001533333,0.09334,
0.9936766, 0.34622874, 2.325388, 0.0012355782, 0.12635274, 1086.7109, -13.956203, 1100.6671,0.001533333,0.10000,
0.98754794, 0.32882954, 2.1277837, 0.0015869981, 0.12722221, 1085.8347, -28.285247, 1114.1199,0.002066666,0.00010,
0.99075648, 0.39436919, 2.3074678, 0.0061225147, 0.12703639, 1049.5186, -13.551981, 1063.0706,0.002066666,0.00676,
0.99389492, 0.36776091, 2.4142628, 0.0070269308, 0.126944, 1068.0456, -20.603199, 1088.6488,0.002066666,0.01342,
0.99644886, 0.35580988, 2.4610842, 0.00082407764, 0.12694238, 1029.0893, -13.134957, 1042.2243,0.002066666,0.02008,
0.98890306, 0.34998131, 2.4059388, 0.0039692177, 0.12687495, 1046.814, -22.17763, 1068.9916,0.002066666,0.02674,
1, 0.35513536, 2.3868326, 0.00049570923, 0.12696368, 1036.5595, -14.325582, 1050.8851,0.002066666,0.03340,
0.98913025, 0.31240621, 2.4521225, 0.0022533929, 0.12700347, 968.02576, -19.231665, 987.25742,0.002066666,0.04006,
0.99872848, 0.39483178, 2.2714869, 0.0051578519, 0.12679275, 1040.7752, -15.385393, 1056.1606,0.002066666,0.04672,
0.991, 0.33557284, 2.3184058, 0.0017205295, 0.12665707, 1163.2887, -13.593668, 1176.8824,0.002066666,0.05338,
1, 0.35304705, 1.9759778, 0.0048589349, 0.12669028, 1056.8011, -9.5692235, 1066.3703,0.002066666,0.06004,
0.9974823, 0.3580551, 2.2430643, 0.0016109396, 0.12677881, 1041.6366, -13.065397, 1054.702,0.002066666,0.06670,
0.99874074, 0.39608417, 2.2576316, 0.0018216237, 0.12679438, 1071.0018, -19.87583, 1090.8777,0.002066666,0.07336,
0.99758289, 0.39558366, 2.4347405, 0.0020233809, 0.12682906, 998.95507, -18.051283, 1017.0063,0.002066666,0.08002,
0.99873114, 0.37421966, 2.2257775, 0.0049257248, 0.12697134, 1117.4996, -18.143867, 1135.6434,0.002066666,0.08668,
0.99424051, 0.40961316, 3.0869406, 0.0028571957, 0.12662067, 1063.6981, -22.256187, 1085.9542,0.002066666,0.09334,
0.99743073, 0.38018672, 2.503646, 0.0017906732, 0.1262534, 1113.8527, -41.888105, 1155.7408,0.002066666,0.10000,
1, 0.39432837, 2.1229505, 6.3123901e-05, 0.12644722, 1045.6093, -27.90918, 1073.5185,0.002599999,0.00010,
0.99075291, 0.33443807, 2.7447049, 0.0012637458, 0.12654986, 1052.6659, -51.003082, 1103.669,0.002599999,0.00676,
0.99014815, 0.37099806, 2.1464298, 0.006830725, 0.12700937, 1072.337, -16.272288, 1088.6093,0.002599999,0.01342,
0.98846925, 0.37491962, 2.3281747, 0.001661871, 0.12686907, 1045.3989, -13.561726, 1058.9607,0.002599999,0.02008,
1, 0.34003183, 2.4835656, 0.0021076537, 0.12687646, 1006.0905, -29.587118, 1035.6776,0.002599999,0.02674,
0.99765396, 0.33439781, 2.4711426, 0.005384241, 0.12690246, 1017.2161, -22.149286, 1039.3654,0.002599999,0.03340,
1, 0.37019551, 2.2190502, 0.00094419325, 0.12700426, 996.3328, -16.485052, 1012.8179,0.002599999,0.04006,
0.99354167, 0.34041902, 2.2560367, 0.0030303253, 0.12696758, 1004.1675, -19.443761, 1023.6112,0.002599999,0.04672,
0.99648094, 0.36839804, 2.4624229, 0.0013583512, 0.12682392, 1042.9615, -28.675149, 1071.6366,0.002599999,0.05338,
0.98669395, 0.36782319, 2.0253976, 0.00054758868, 0.12712382, 1050.4741, -12.402641, 1062.8768,0.002599999,0.06004,
0.99167596, 0.32586679, 2.1299275, 0.0020623406, 0.12706472, 1061.2236, -11.374309, 1072.5979,0.002599999,0.06670,
0.99875522, 0.37986059, 2.3760153, 0.00039489155, 0.12673411, 1094.2632, -36.271802, 1130.535,0.002599999,0.07336,
0.99052323, 0.31816254, 2.526102, 0.00039670641, 0.12692974, 1088.4123, -19.890184, 1108.3025,0.002599999,0.08002,
0.99879712, 0.3554482, 2.3693456, 0.003154033, 0.12692493, 1060.6748, -14.983477, 1075.6583,0.002599999,0.08668,
0.99110243, 0.30950326, 2.680101, 0.0033453466, 0.12702085, 1038.2972, -18.186298, 1056.4835,0.002599999,0.09334,
0.99664596, 0.3169019, 2.5294647, 0.00070646266, 0.12684798, 1042.3724, -21.583944, 1063.9563,0.002599999,0.10000,
0.98395697, 0.38619034, 1.7792807, 0.0020500076, 0.12691793, 1068.7895, -7.958618, 1076.7481,0.003133332,0.00010,
0.99125934, 0.39535188, 2.6630158, 0.0060174744, 0.1266886, 935.10452, -61.140931, 996.24545,0.003133332,0.00676,
0.99630043, 0.38365561, 2.4269753, 0.002989097, 0.12657631, 1020.955, -18.231106, 1039.1861,0.003133332,0.01342,
0.99760397, 0.35603095, 2.5604863, 0.0017847136, 0.12672133, 977.9472, -16.2692, 994.2164,0.003133332,0.02008,
0.9975794, 0.38218232, 2.3633732, 0.004369223, 0.12695265, 1028.7251, -42.595142, 1071.3202,0.003133332,0.02674,
0.98800926, 0.38715981, 2.1757472, 0.0025527468, 0.12703154, 985.83408, -23.263132, 1009.0972,0.003133332,0.03340,
0.99316239, 0.35988216, 2.5820663, 0.0016226261, 0.12674134, 958.92076, -24.632408, 983.55317,0.003133332,0.04006,
0.99507389, 0.32685305, 2.3247365, 0.0012894149, 0.12713517, 985.96701, -18.206663, 1004.1737,0.003133332,0.04672,
1, 0.35413733, 2.1767957, 0.0011895005, 0.12665485, 994.94558, -13.927428, 1008.873,0.003133332,0.05338,
0.99308894, 0.36674084, 2.0868766, 0.0042481537, 0.12666077, 1027.4488, -10.064679, 1037.5135,0.003133332,0.06004,
0.9910064, 0.36603948, 2.2276706, 0.0056470564, 0.12679138, 1031.6496, -34.937716, 1066.5874,0.003133332,0.06670,
0.99343972, 0.35138193, 2.6173901, 0.0020697837, 0.12691369, 1093.9998, -17.727508, 1111.7273,0.003133332,0.07336,
0.99178947, 0.34456335, 2.799012, 0.001710039, 0.12658737, 1021.0545, -66.316977, 1087.3715,0.003133332,0.08002,
0.99622345, 0.34888553, 2.2725104, 0.0059867183, 0.12693823, 1079.7879, -13.269258, 1093.0572,0.003133332,0.08668,
0.99891177, 0.39977836, 2.7204521, 0.0018853745, 0.12677618, 1060.3248, -56.246203, 1116.571,0.003133332,0.09334,
0.99511278, 0.32989304, 2.3360558, 0.0030365438, 0.12670928, 1124.3434, -15.747573, 1140.091,0.003133332,0.10000,
0.99219621, 0.35728774, 2.5824382, 0.00089918326, 0.12571517, 832.04693, -43.206454, 875.25339,0.003666665,0.00010,
0.99227738, 0.3603455, 2.5658181, 0.0023906132, 0.12662253, 1165.2935, -13.709112, 1179.0026,0.003666665,0.00676,
0.99668839, 0.41249372, 2.591373, 0.0018821523, 0.12738855, 1121.0018, -13.962177, 1134.964,0.003666665,0.01342,
0.99215387, 0.35982871, 2.2244933, 0.0045493862, 0.12733343, 1167.4502, -34.896113, 1202.3463,0.003666665,0.02008,
0.99740741, 0.41231488, 2.2194026, 0.00039446661, 0.12699732, 997.74928, -166.26449, 1164.0138,0.003666665,0.02674,
0.99876152, 0.39046233, 2.3254855, 0.0021731264, 0.12676928, 982.43873, -21.920534, 1004.3593,0.003666665,0.03340,
1, 0.37624055, 2.1224786, 0.001046962, 0.12685668, 1041.5367, -15.563877, 1057.1006,0.003666665,0.04006,
0.99460259, 0.36288492, 2.7768917, 0.001671887, 0.1270757, 1025.3964, -20.002672, 1045.3991,0.003666665,0.04672,
0.99871094, 0.35800211, 2.1624014, 0.0032646678, 0.1270284, 1000.3642, -12.3137, 1012.6779,0.003666665,0.05338,
0.99441441, 0.35050911, 2.0615996, 0.0035294464, 0.12682766, 1028.0658, -10.427186, 1038.493,0.003666665,0.06004,
0.99003466, 0.41112762, 2.5612999, 0.0019554433, 0.12652256, 1064.9215, -23.265903, 1088.1874,0.003666665,0.06670,
0.98737557, 0.34293785, 2.1921953, 0.00165885, 0.1268657, 1036.1995, -122.3733, 1158.5728,0.003666665,0.07336,
0.99733094, 0.34805291, 2.2381486, 0.0011907117, 0.12681377, 1057.1431, -44.021353, 1101.1644,0.003666665,0.08002,
0.99347571, 0.38112188, 2.635133, 0.00049737225, 0.1264953, 1066.5225, -41.285415, 1107.8079,0.003666665,0.08668,
0.99874238, 0.38836262, 2.2258499, 0.0047043462, 0.12711409, 1024.0081, -12.489116, 1036.4972,0.003666665,0.09334,
0.98819766, 0.30602538, 2.288624, 0.0020457195, 0.1269099, 1050.3947, -14.164039, 1064.5587,0.003666665,0.10000,
0.99865854, 0.3457601, 2.2423018, 0.0030116964, 0.12698843, 1079.7903, -12.797618, 1092.5879,0.004199998,0.00010,
0.98916761, 0.33855558, 2.4163345, 0.0033568335, 0.12730921, 1087.2531, -18.275424, 1105.5285,0.004199998,0.00676,
0.98812706, 0.38824909, 2.0873813, 0.0024958149, 0.1269165, 1077.1745, -11.801333, 1088.9758,0.004199998,0.01342,
0.99889479, 0.32693106, 2.5603153, 0.0051930676, 0.12639887, 1097.8671, -16.273037, 1114.1401,0.004199998,0.02008,
0.99874139, 0.36752036, 2.2786742, 0.0025135139, 0.1268072, 1125.6065, -9.919422, 1135.5259,0.004199998,0.02674,
0.99866667, 0.35272291, 2.0940324, 0.0012005968, 0.12659953, 979.20428, -19.844183, 999.04846,0.004199998,0.03340,
1, 0.34886444, 1.7992081, 0.0011372414, 0.12697772, 1070.7572, -26.957867, 1097.7151,0.004199998,0.04006,
0.9904, 0.39159593, 2.1463225, 0.0027518202, 0.12690471, 1050.7016, -20.512194, 1071.2138,0.004199998,0.04672,
0.99386161, 0.34618186, 2.3651981, 0.00038861121, 0.1268741, 991.68231, -18.204935, 1009.8872,0.004199998,0.05338,
0.99445983, 0.35869528, 2.1674161, 0.00093193083, 0.12681835, 956.94425, -21.209731, 978.15398,0.004199998,0.06004,
0.99014729, 0.33137293, 2.3604396, 0.0012185793, 0.12705935, 1091.7963, -15.863625, 1107.66,0.004199998,0.06670,
0.9903243, 0.30495509, 2.4294821, 0.001062821, 0.12700748, 1008.6661, -16.470208, 1025.1363,0.004199998,0.07336,
0.99398884, 0.31162574, 2.3940639, 0.0018937763, 0.12697613, 1030.9616, -18.68436, 1049.646,0.004199998,0.08002,
0.98983459, 0.33370985, 2.3341009, 0.0089784261, 0.1267065, 1080.6199, -17.24622, 1097.8661,0.004199998,0.08668,
0.99055138, 0.33368818, 2.4425855, 0.0027329315, 0.1266882, 1048.6174, -15.117525, 1063.7349,0.004199998,0.09334,
0.99282946, 0.32374391, 2.3904723, 0.0035103434, 0.12676081, 1085.4375, -17.271114, 1102.7086,0.004199998,0.10000,
1, 0.37496068, 1.6943926, 0.0084447274, 0.12726238, 1118.4556, -12.052077, 1130.5076,0.004733331,0.00010,
0.994032, 0.3970471, 2.55527, 0.0061141246, 0.12699851, 1113.1983, -15.480979, 1128.6793,0.004733331,0.00676,
0.997, 0.38756042, 2.9141053, 0.00043372007, 0.12672283, 1068.3342, -22.883411, 1091.2176,0.004733331,0.01342,
0.99867842, 0.33866527, 2.0922842, 0.0042113745, 0.12706391, 1120.2007, -9.9338122, 1130.1345,0.004733331,0.02008,
0.99155421, 0.36705671, 2.4575099, 0.0020613522, 0.12673322, 1061.2393, -15.387754, 1076.6271,0.004733331,0.02674,
0.99109447, 0.46048243, 2.859951, 0.00087546767, 0.12724799, 1102.4287, -14.749626, 1117.1783,0.004733331,0.03340,
0.99885692, 0.31622206, 2.5276877, 0.0028994856, 0.12661618, 1080.228, -18.693552, 1098.9216,0.004733331,0.04006,
0.99223692, 0.32687622, 2.5571867, 0.0020013906, 0.12694065, 1050.5397, -47.957948, 1098.4977,0.004733331,0.04672,
0.99221224, 0.37820272, 2.2277487, 0.00058195035, 0.12682454, 1008.6356, -28.972632, 1037.6083,0.004733331,0.05338,
0.99169249, 0.30986773, 2.47269, 0.0022568984, 0.12680777, 1007.6408, -21.606145, 1029.247,0.004733331,0.06004,
0.99139785, 0.39591697, 2.3631428, 0.0042588229, 0.12686127, 999.90266, -16.600373, 1016.503,0.004733331,0.06670,
0.98933944, 0.31912199, 2.5487851, 0.0060687939, 0.12702115, 1040.0436, -18.454462, 1058.4981,0.004733331,0.07336,
0.98988665, 0.3332571, 2.6117929, 0.0023163434, 0.12675488, 1057.8474, -29.881251, 1087.7287,0.004733331,0.08002,
0.99281278, 0.3095214, 2.4773073, 0.002343769, 0.12683512, 1015.1473, -23.468092, 1038.6154,0.004733331,0.08668,
0.99315789, 0.36003426, 2.5729867, 0.0015476599, 0.12720315, 1106.2855, -15.033069, 1121.3186,0.004733331,0.09334,
0.99877734, 0.40295776, 2.241081, 0.00051201327, 0.12738003, 1093.1812, -14.653642, 1107.8349,0.004733331,0.10000,
0.99182609, 0.38049535, 2.7342169, 0.0019078279, 0.12624122, 884.46701, -50.467812, 934.93482,0.005266664,0.00010,
0.99208424, 0.37712369, 2.1964116, 0.00095683799, 0.12712093, 1089.1915, -57.946289, 1147.1378,0.005266664,0.00676,
0.99883143, 0.36859398, 2.4244583, 0.0037640357, 0.12705208, 1065.5002, -12.462427, 1077.9627,0.005266664,0.01342,
0.99557804, 0.37784024, 2.586172, 0.0016646608, 0.12671382, 1052.311, -18.820964, 1071.132,0.005266664,0.02008,
0.99404646, 0.35468808, 2.449254, 0.0027102167, 0.12704961, 1162.4422, -14.037604, 1176.4798,0.005266664,0.02674,
0.98946281, 0.34064908, 2.4925721, 0.0017584816, 0.12675173, 1040.0028, -28.22466, 1068.2275,0.005266664,0.03340,
1, 0.33986827, 2.3390712, 0.0038728239, 0.12720649, 1090.0068, -25.541349, 1115.5482,0.005266664,0.04006,
0.99763784, 0.33349464, 2.4304286, 0.00026337509, 0.12673178, 1024.9679, -15.450566, 1040.4185,0.005266664,0.04672,
0.99408707, 0.31971669, 2.4822823, 0.001978322, 0.12689133, 1061.4358, -23.095128, 1084.5309,0.005266664,0.05338,
0.99643596, 0.34597375, 2.3643049, 0.0031940917, 0.12681799, 1010.3612, -29.632184, 1039.9934,0.005266664,0.06004,
0.99679853, 0.27543821, 2.7642312, 0.0020436372, 0.12662138, 1100.8638, -40.523779, 1141.3875,0.005266664,0.06670,
0.9907841, 0.37016667, 2.5147016, 0.0034555554, 0.12651041, 1096.1438, -21.665032, 1117.8088,0.005266664,0.07336,
0.9965035, 0.34797526, 2.4667003, 0.0054656769, 0.12625468, 923.71013, -25.470959, 949.18109,0.005266664,0.08002,
1, 0.34273874, 2.593032, 0.010208969, 0.12703428, 1070.438, -14.84348, 1085.2814,0.005266664,0.08668,
0.98955524, 0.33876127, 2.3043019, 0.0068395418, 0.12707312, 1047.004, -28.041251, 1075.0452,0.005266664,0.09334,
0.99649064, 0.32625114, 2.4512317, 0.0056654659, 0.12660902, 1061.8734, -21.985907, 1083.8593,0.005266664,0.10000,
0.99787918, 0.42306507, 2.8461094, 0.0027001257, 0.12700849, 1087.6785, -41.988949, 1129.6675,0.005799997,0.00010,
0.99063169, 0.371199, 2.5828275, 0.0085429741, 0.1265348, 1066.5134, -16.374635, 1082.888,0.005799997,0.00676,
0.99854962, 0.38194085, 1.8993455, 0.0030272681, 0.1267823, 1074.8706, -10.058036, 1084.9286,0.005799997,0.01342,
0.98997283, 0.4152009, 3.2196651, 0.0019715762, 0.1268531, 1070.9157, -20.924143, 1091.8399,0.005799997,0.02008,
0.99510204, 0.36385267, 2.3531315, 0.0020519395, 0.12700412, 1032.7819, -41.299582, 1074.0815,0.005799997,0.02674,
0.9966227, 0.33353798, 2.4260096, 0.0065506231, 0.12748759, 1071.5056, -61.891343, 1133.3969,0.005799997,0.03340,
0.99163437, 0.30950234, 2.3933618, 0.00091278785, 0.12713259, 1023.2883, -25.558294, 1048.8465,0.005799997,0.04006,
0.99220311, 0.31995198, 2.5483151, 0.0039721526, 0.12709179, 1049.4068, -18.257364, 1067.6642,0.005799997,0.04672,
0.9989167, 0.27483863, 2.5832498, 0.00060649826, 0.12697622, 1044.4703, -23.394616, 1067.8649,0.005799997,0.05338,
0.99628967, 0.33662348, 2.3233395, 0.0012176066, 0.1265375, 1049.7401, -15.685547, 1065.4256,0.005799997,0.06004,
1, 0.32340969, 2.4077781, 0.0013691303, 0.12691784, 1013.8711, -19.088359, 1032.9595,0.005799997,0.06670,
0.9964591, 0.33700319, 2.4651845, 0.0027584834, 0.12667528, 1054.121, -18.503093, 1072.6241,0.005799997,0.07336,
0.99325434, 0.3249089, 2.2241796, 8.1171958e-05, 0.12695979, 1050.5941, -12.394364, 1062.9885,0.005799997,0.08002,
0.99340729, 0.36416529, 2.5927793, 0.0013774731, 0.12663443, 1064.8609, -21.572096, 1086.4329,0.005799997,0.08668,
0.99376209, 0.34837831, 2.9082965, 0.0062781039, 0.12682372, 968.57997, -29.99947, 998.57944,0.005799997,0.09334,
0.99871951, 0.37430623, 2.3051722, 0.0028526767, 0.12710371, 1160.4824, -13.083193, 1173.5656,0.005799997,0.10000,
0.99050031, 0.36427061, 2.2216895, 0.0061630404, 0.12690267, 1122.9877, -13.432712, 1136.4204,0.006333330,0.00010,
0.99430242, 0.34393441, 2.0709208, 0.0019350121, 0.12648695, 957.83351, -10.573041, 968.40655,0.006333330,0.00676,
0.98983568, 0.39077457, 2.6214214, 0.0019791775, 0.12688445, 1025.0393, -14.336862, 1039.3761,0.006333330,0.01342,
0.99347735, 0.33545662, 2.1905305, 0.00040496701, 0.12733634, 1068.618, -11.941785, 1080.5597,0.006333330,0.02008,
0.98918605, 0.31807445, 2.4411961, 0.0013266554, 0.12731351, 1041.8936, -30.768155, 1072.6617,0.006333330,0.02674,
0.98978538, 0.31761722, 2.6363614, 0.0071776814, 0.12702448, 1031.6082, -16.257933, 1047.8661,0.006333330,0.03340,
0.99144868, 0.34377502, 2.4037729, 0.0026481687, 0.12731893, 1203.9417, -19.57866, 1223.5204,0.006333330,0.04006,
0.99862245, 0.35465124, 2.1965279, 0.0032289924, 0.12671974, 1020.7117, -41.740106, 1062.4518,0.006333330,0.04672,
0.99649728, 0.33711905, 2.5327648, 0.0054540108, 0.12704072, 1026.1917, -23.880884, 1050.0726,0.006333330,0.05338,
0.99442586, 0.34536252, 2.6126595, 0.0027671574, 0.12673677, 993.25003, -48.500334, 1041.7504,0.006333330,0.06004,
0.99621531, 0.37447832, 2.3246225, 0.002271209, 0.1269508, 1097.988, -13.54273, 1111.5308,0.006333330,0.06670,
0.99133333, 0.30706045, 2.6662548, 0.0046839467, 0.12705897, 1067.8289, -19.713844, 1087.5428,0.006333330,0.07336,
0.99323587, 0.27934033, 2.5709859, 0.0037282711, 0.12670627, 1100.8967, -23.040809, 1123.9375,0.006333330,0.08002,
0.99284158, 0.3145668, 2.7647707, 0.0018654963, 0.12703434, 1106.0162, -17.180269, 1123.1965,0.006333330,0.08668,
0.98805259, 0.36320374, 2.2743666, 0.003091382, 0.12709707, 1108.7863, -47.990857, 1156.7772,0.006333330,0.09334,
0.9975126, 0.35755092, 2.2204409, 0.0039440962, 0.12724699, 1123.249, -10.091412, 1133.3404,0.006333330,0.10000,
0.99270044, 0.32153564, 2.4350049, 0.0012002484, 0.12689363, 1014.5629, -22.532808, 1037.0957,0.006866663,0.00010,
0.99264494, 0.41125293, 2.7482405, 0.0030721381, 0.12717381, 1108.2738, -14.536904, 1122.8107,0.006866663,0.00676,
0.99489676, 0.35075924, 2.3121959, 0.0020956091, 0.1273439, 1111.8917, -13.433646, 1125.3254,0.006866663,0.01342,
0.99587823, 0.33690973, 2.2021223, 0.00096775467, 0.1269629, 1028.8361, -17.505912, 1046.342,0.006866663,0.02008,
0.99073529, 0.27958129, 2.8361239, 0.0053917181, 0.12697847, 1033.5464, -49.000592, 1082.547,0.006866663,0.02674,
0.99772727, 0.30929184, 2.5759757, 0.0048246635, 0.12696523, 1122.4446, -17.28319, 1139.7278,0.006866663,0.03340,
0.99675721, 0.38355562, 2.7916723, 0.001501673, 0.12678161, 1075.2857, -21.123118, 1096.4088,0.006866663,0.04006,
0.99303595, 0.41741307, 3.2145769, 0.0087136507, 0.12715933, 1056.9061, -14.794528, 1071.7006,0.006866663,0.04672,
0.99270833, 0.36619108, 2.8169722, 0.0024042742, 0.12679974, 1131.47, -27.884023, 1159.3541,0.006866663,0.05338,
0.99096616, 0.31245955, 2.5541216, 0.0051827827, 0.12689748, 1020.3958, -18.27451, 1038.6703,0.006866663,0.06004,
0.99712644, 0.33418466, 1.9457139, 0.0032926452, 0.12711346, 1177.0853, -9.9417206, 1187.027,0.006866663,0.06670,
0.99110642, 0.32188041, 2.0945734, 0.00089376991, 0.12708569, 1100.0328, -11.847357, 1111.8802,0.006866663,0.07336,
0.99163636, 0.32357395, 2.465977, 0.0046152741, 0.12685957, 1115.4978, -23.108456, 1138.6062,0.006866663,0.08002,
0.9937437, 0.32029536, 2.7112672, 0.0022804378, 0.12704317, 1093.7884, -17.926302, 1111.7147,0.006866663,0.08668,
0.99873909, 0.33225391, 2.2344279, 0.00080147021, 0.12705082, 1075.2583, -20.119546, 1095.3779,0.006866663,0.09334,
0.9942304, 0.30132831, 2.5835351, 0.0072790943, 0.12698522, 1026.8483, -18.24646, 1045.0948,0.006866663,0.10000,
0.98977684, 0.37201208, 2.2855168, 0.00085246746, 0.12686858, 1072.3411, -10.927958, 1083.269,0.007399996,0.00010,
0.98934935, 0.37530245, 2.188032, 0.0061093584, 0.1271304, 1145.4785, -32.981556, 1178.46,0.007399996,0.00676,
0.99268293, 0.35488669, 2.4435873, 0.0064849786, 0.12729476, 1105.9973, -16.531118, 1122.5285,0.007399996,0.01342,
0.9943085, 0.34322929, 2.6715933, 0.001467776, 0.12718012, 1018.2406, -25.714343, 1043.9549,0.007399996,0.02008,
0.98889677, 0.33611264, 2.377589, 0.0049307262, 0.12720302, 1101.2552, -15.578726, 1116.8339,0.007399996,0.02674,
0.99589504, 0.4026081, 2.8140065, 0.0054508649, 0.12699625, 1019.0481, -27.355427, 1046.4035,0.007399996,0.03340,
0.9900922, 0.32204097, 2.4008288, 0.00081885763, 0.1266834, 1083.2416, -19.115492, 1102.3571,0.007399996,0.04006,
0.99751421, 0.31490917, 2.3373952, 0.0031589062, 0.12693667, 1085.6989, -14.494479, 1100.1933,0.007399996,0.04672,
0.99186053, 0.31645691, 2.1655632, 0.0067839267, 0.12704244, 1032.9247, -10.104387, 1043.0291,0.007399996,0.05338,
0.99887798, 0.3075181, 2.4272271, 0.0028658031, 0.12704817, 1109.4502, -68.220923, 1177.6711,0.007399996,0.06004,
0.9939893, 0.30491139, 2.4160732, 0.0035363046, 0.12718538, 1050.9401, -13.034713, 1063.9749,0.007399996,0.06670,
0.9988211, 0.31487965, 2.3936508, 0.0054944027, 0.12693988, 1065.2287, -17.939177, 1083.1679,0.007399996,0.07336,
0.99644978, 0.31972737, 2.4210313, 0.00084328498, 0.12689515, 1099.2189, -18.39811, 1117.617,0.007399996,0.08002,
0.99013605, 0.39293887, 2.7134188, 0.0010554131, 0.12745937, 1094.6198, -20.726383, 1115.3461,0.007399996,0.08668,
0.99437683, 0.33034559, 2.7655523, 0.0036057423, 0.12668786, 1123.7951, -19.618002, 1143.4131,0.007399996,0.09334,
1, 0.3723409, 2.2567591, 0.0055239827, 0.12717607, 1102.9784, -12.955549, 1115.9339,0.007399996,0.10000,
0.98988087, 0.36217058, 2.389271, 0.0010366885, 0.12676601, 1149.2926, -18.174159, 1167.4668,0.007933329,0.00010,
0.99782116, 0.38285356, 2.5207317, 0.0037127883, 0.12707277, 1068.7596, -19.901035, 1088.6606,0.007933329,0.00676,
0.98928571, 0.38115515, 2.5775724, 0.0010103843, 0.12701969, 1094.7532, -16.990276, 1111.7435,0.007933329,0.01342,
0.99896417, 0.35580751, 2.8562427, 0.0066566478, 0.12678471, 1014.431, -32.944239, 1047.3752,0.007933329,0.02008,
0.99518025, 0.34837748, 2.4236387, 0.0019853433, 0.1268478, 1114.2457, -25.848592, 1140.0943,0.007933329,0.02674,
0.99042969, 0.37446476, 2.2810523, 0.0020295812, 0.12680382, 1124.1257, -12.650857, 1136.7765,0.007933329,0.03340,
0.98817779, 0.32929678, 2.2686609, 0.004730731, 0.12702145, 1070.2278, -14.728798, 1084.9566,0.007933329,0.04006,
0.98981336, 0.33234263, 2.2682128, 0.0018294495, 0.12713127, 1019.6926, -17.887575, 1037.5802,0.007933329,0.04672,
0.98980817, 0.28941379, 2.5667184, 0.012067431, 0.12693569, 1043.1337, -21.10139, 1064.2351,0.007933329,0.05338,
0.99173601, 0.34382094, 2.1542424, 0.0083110479, 0.12707201, 1058.9872, -10.173452, 1069.1606,0.007933329,0.06004,
0.99787616, 0.33201947, 2.5528669, 0.0052265964, 0.12738202, 1097.7908, -65.523671, 1163.3145,0.007933329,0.06670,
0.99350528, 0.33218436, 2.6380413, 0.0035998388, 0.12690259, 1090.1832, -25.545833, 1115.729,0.007933329,0.07336,
0.9987823, 0.30970263, 2.3539637, 0.0068185447, 0.127085, 1066.4208, -11.416112, 1077.837,0.007933329,0.08002,
1, 0.29679798, 2.460239, 0.0084795997, 0.1272078, 1067.9753, -13.901349, 1081.8767,0.007933329,0.08668,
0.99020408, 0.46933047, 2.4042389, 0.0089723966, 0.12445038, 1084.3736, -18.682971, 1103.0565,0.007933329,0.09334,
0.99885225, 0.42426414, 2.4491034, 0.002690546, 0.12643226, 1056.2665, -15.527328, 1071.7938,0.007933329,0.10000,
0.99721795, 0.35725582, 2.0657725, 0.00067518759, 0.12668728, 1076.3727, -11.37255, 1087.7452,0.008466662,0.00010,
0.98881395, 0.35258487, 2.4048734, 0.0016142925, 0.12696922, 1116.7834, -14.227171, 1131.0106,0.008466662,0.00676,
1, 0.37559236, 2.3579162, 0.00028182887, 0.12648304, 998.93921, -32.795934, 1031.7351,0.008466662,0.01342,
0.99888831, 0.35217404, 2.4995641, 0.0012324842, 0.12691974, 1150.7775, -17.442232, 1168.2197,0.008466662,0.02008,
0.99394865, 0.2846927, 2.3791481, 0.0058328671, 0.12720222, 1052.1966, -31.716466, 1083.9131,0.008466662,0.02674,
0.99803922, 0.33720337, 2.9124239, 0.0035852207, 0.12697698, 1057.8242, -24.922711, 1082.7469,0.008466662,0.03340,
0.9905102, 0.31363758, 2.2051991, 0.0018012863, 0.1271874, 1095.966, -11.493322, 1107.4593,0.008466662,0.04006,
0.99185606, 0.33977951, 2.7989455, 0.00050304197, 0.12716199, 1059.0345, -21.837764, 1080.8722,0.008466662,0.04672,
1, 0.34395557, 2.1249737, 0.0088731305, 0.12741229, 1105.3286, -24.976604, 1130.3052,0.008466662,0.05338,
0,0,0,0,0,0,0,0,0.008466662,0.06004,
0.98999698, 0.34561343, 2.4145494, 0.0062314204, 0.12682325, 1101.7144, -18.093882, 1119.8082,0.008466662,0.06670,
0.998746, 0.38592825, 1.9097696, 0.0026007797, 0.12726333, 1054.2779, -26.822435, 1081.1004,0.008466662,0.07336,
0.99446575, 0.48733072, 2.5910158, 0.0020812804, 0.12686966, 1069.5772, -16.403904, 1085.9812,0.008466662,0.08002,
0.99772358, 0.33741067, 2.4402919, 0.0015787287, 0.12685998, 1053.5453, -14.041806, 1067.5871,0.008466662,0.08668,
0.99550467, 0.44418695, 2.534085, 0.0048425967, 0.1268624, 1088.7692, -20.948359, 1109.7176,0.008466662,0.09334,
0.99103344, 0.32270348, 2.9495358, 0.0026205868, 0.12732109, 1041.4401, -33.82627, 1075.2664,0.008466662,0.10000,
0.99564506, 0.37452288, 1.9327557, 0.0056595478, 0.12702387, 1013.0229, -16.608181, 1029.6311,0.008999995,0.00010,
0.98679441, 0.34288981, 2.058941, 0.0055501964, 0.1269288, 1036.8515, -10.439545, 1047.2911,0.008999995,0.00676,
0.98887532, 0.34458626, 2.3826415, 0.0019892012, 0.12698792, 1083.9989, -28.184752, 1112.1837,0.008999995,0.01342,
0.99872686, 0.3424802, 2.2950764, 0.0020401327, 0.12705362, 1020.9493, -20.190513, 1041.1398,0.008999995,0.02008,
0.99189606, 0.31105164, 2.5525522, 0.0036240341, 0.12701201, 1131.0123, -42.618165, 1173.6305,0.008999995,0.02674,
0.99015, 0.30604949, 2.4043183, 0.0019682384, 0.12704125, 1128.8602, -13.213968, 1142.0742,0.008999995,0.03340,
0.99830861, 0.31646218, 1.6244022, 0.0054749957, 0.12736755, 1059.7943, -7.8043815, 1067.5987,0.008999995,0.04006,
0.99297521, 0.37812325, 2.3988407, 0.00095639898, 0.12660109, 972.94133, -18.132546, 991.07388,0.008999995,0.04672,
0.99594039, 0.37741608, 2.1644721, 0.0027331968, 0.12729668, 1079.3665, -74.983137, 1154.3496,0.008999995,0.05338,
1, 0.35024812, 2.7693835, 0.0070892901, 0.12620426, 1094.3225, -30.209804, 1124.5323,0.008999995,0.06004,
0.99801769, 0.3246715, 2.893496, 0.0021020886, 0.12682564, 1105.1306, -10.556191, 1115.6868,0.008999995,0.06670,
0.98497016, 0.33664672, 2.1370698, 0.0035785668, 0.12708097, 1048.3637, -10.680373, 1059.044,0.008999995,0.07336,
0.98902439, 0.35467831, 2.3892684, 0.01073387, 0.12710599, 1057.261, -15.358236, 1072.6192,0.008999995,0.08002,
0.99594064, 0.38193976, 3.2187251, 0.0033845345, 0.12617284, 1040.2223, -37.686084, 1077.9084,0.008999995,0.08668,
0.99213572, 0.35331091, 2.5660882, 0.005716172, 0.12639178, 1057.762, -14.270067, 1072.0321,0.008999995,0.09334,
0.99430163, 0.30485357, 2.4874192, 0.0027035733, 0.12712941, 1079.3446, -30.193528, 1109.5381,0.008999995,0.10000,
0.99482571, 0.3180228, 2.3167042, 0.0026286554, 0.12683998, 1065.3588, -20.065401, 1085.4242,0.001,0.1,
0.9987843, 0.36853624, 2.392808, 0.0013564883, 0.12653815, 1024.8114, -15.122793, 1039.9342,0.001,0.2,
0.9987897, 0.36507325, 2.3865192, 0.0031544771, 0.12599861, 1066.8517, -16.53077, 1083.3825,0.001,0.3,
0.99882022, 0.37355823, 2.5826914, 0.002563899, 0.12688058, 999.14095, -18.282449, 1017.4234,0.001,0.4,
0.9880156, 0.38041714, 2.3170116, 0.00097801673, 0.12655221, 874.94167, -13.715333, 888.65701,0.001,0.5,
0.99894872, 0.33925722, 2.6118284, 0.0036581156, 0.12699726, 1140.2837, -21.338866, 1161.6226,0.001,0.6,
0.9892578, 0.32904504, 2.2860319, 0.0036879163, 0.12698195, 1088.9682, -13.116145, 1102.0843,0.001,0.7,
0.9988536, 0.34800265, 2.4737074, 0.0033818921, 0.12701217, 1037.1658, -34.832652, 1071.9985,0.001,0.8,
0.99126525, 0.39585866, 2.6656381, 0.0048681723, 0.12659984, 1083.9162, -26.696128, 1110.6123,0.001,0.9,
0.99305635, 0.40183972, 3.1046238, 0.0073027526, 0.12683852, 1071.8556, -63.033456, 1134.889,0.001,1.0,
0.99503309, 0.36117609, 2.3407878, 0.0015902851, 0.12700359, 1045.3931, -15.024127, 1060.4172,0.002,0.1,
0.99089431, 0.32296028, 2.5589236, 0.0031685099, 0.12693947, 1084.3102, -32.423174, 1116.7334,0.002,0.2,
0.99893229, 0.34328108, 2.5953109, 0.0016930266, 0.12717611, 1046.5332, -13.191171, 1059.7244,0.002,0.3,
0.99213342, 0.38147767, 2.2206312, 0.0029397683, 0.12697556, 1077.7707, -27.776326, 1105.547,0.002,0.4,
0.99018759, 0.35722671, 2.3655639, 0.0018496031, 0.12699709, 1046.5156, -13.618385, 1060.134,0.002,0.5,
0.99291717, 0.34668263, 2.4962911, 0.0014669791, 0.1264776, 1092.0294, -15.196961, 1107.2263,0.002,0.6,
0.99455442, 0.34329009, 2.1584051, 0.0045933248, 0.12702342, 1104.8433, -11.523486, 1116.3668,0.002,0.7,
0.99497315, 0.37948315, 2.8179806, 0.0024742971, 0.12733786, 1030.9921, -13.827793, 1044.8199,0.002,0.8,
0.99084482, 0.36378991, 2.2930912, 0.00097694375, 0.12664633, 1040.1093, -14.682644, 1054.7919,0.002,0.9,
1, 0.37117429, 2.2602673, 0.0015497692, 0.12687307, 1021.3546, -13.775802, 1035.1304,0.002,1.0,
0.98820624, 0.36441578, 2.2046032, 0.00081741184, 0.1269343, 1123.7032, -19.861862, 1143.565,0.003,0.1,
0.99211299, 0.31152565, 2.5872218, 0.0063011529, 0.12708372, 1091.6799, -18.173122, 1109.8531,0.003,0.2,
1, 0.34847483, 2.4787987, 0.000429022, 0.12677096, 1027.0219, -63.967462, 1090.9894,0.003,0.3,
0.9915035, 0.33375161, 2.0779003, 0.00056703813, 0.12704745, 1140.3877, -9.8376963, 1150.2253,0.003,0.4,
0.99608316, 0.32359008, 2.2195226, 0.0010841625, 0.12683096, 1121.6391, -24.835827, 1146.475,0.003,0.5,
1, 0.35849305, 2.2986027, 0.0043003569, 0.12719026, 1087.9545, -15.349648, 1103.3041,0.003,0.6,
0.99679276, 0.38147437, 2.6318947, 0.0014513158, 0.12639561, 1005.9769, -37.577455, 1043.5543,0.003,0.7,
0.99552579, 0.33325647, 2.6230861, 0.0075609017, 0.12671719, 1062.1659, -30.091556, 1092.2575,0.003,0.8,
0.99588993, 0.3594437, 2.1601273, 0.00092807443, 0.12669579, 1193.5891, -20.25828, 1213.8474,0.003,0.9,
0.99012367, 0.36440231, 2.3195984, 0.0045462218, 0.12642855, 937.33839, -12.163834, 949.50222,0.003,1.0,
0.99097015, 0.29792015, 2.5510317, 0.002223658, 0.12688719, 964.9743, -25.208977, 990.18327,0.004,0.1,
0.9985181, 0.35545682, 1.8588308, 0.0018095558, 0.1272141, 1147.9637, -16.877417, 1164.8411,0.004,0.2,
0.99746065, 0.361459, 2.2490089, 0.002816451, 0.12699792, 1050.7801, -22.08447, 1072.8646,0.004,0.3,
0.99391703, 0.35532468, 2.4671139, 0.0015834388, 0.12679841, 1045.3045, -16.02311, 1061.3276,0.004,0.4,
0.99366363, 0.34271408, 2.7887099, 0.0012436862, 0.12684576, 1022.0012, -109.66562, 1131.6668,0.004,0.5,
0.99453322, 0.38405486, 2.1750609, 0.003034238, 0.12649745, 860.12609, -19.022943, 879.14903,0.004,0.6,
0.99191368, 0.28357049, 2.5090293, 0.00083929021, 0.12674003, 1111.9813, -15.334025, 1127.3154,0.004,0.7,
0.99678487, 0.33709666, 2.7952023, 0.0015897638, 0.12674345, 1035.6093, -24.978341, 1060.5876,0.004,0.8,
0.99762575, 0.31038701, 2.4900884, 0.0026818899, 0.12683463, 1156.7026, -11.885229, 1168.5878,0.004,0.9,
0,0,0,0,0,0,0,0,0.004,1.0,
0.99406458, 0.32100455, 2.4754924, 0.0047696007, 0.12710924, 1076.4836, -39.285155, 1115.7688,0.005,0.1,
0.99155443, 0.32999137, 2.4167762, 0.011052969, 0.12683003, 1085.7888, -96.011986, 1181.8008,0.005,0.2,
0.99777124, 0.35940901, 2.493949, 0.0039109399, 0.12665961, 1117.7097, -17.145436, 1134.8551,0.005,0.3,
0.99877843, 0.3072732, 2.2777342, 0.0072275875, 0.12711574, 1065.5885, -10.88399, 1076.4725,0.005,0.4,
0.99787902, 0.36851714, 2.7015245, 0.0078387978, 0.12705264, 1066.7826, -22.272797, 1089.0554,0.005,0.5,
0.99898367, 0.40922799, 3.1312051, 0.0012142982, 0.12684334, 1063.6553, -29.436463, 1093.0917,0.005,0.6,
0.99404791, 0.28976288, 2.4644983, 0.0040423849, 0.12668298, 1025.6075, -14.574558, 1040.1821,0.005,0.7,
0.9890488, 0.3256863, 2.3805481, 0.0028250101, 0.12643901, 1100.1035, -24.687014, 1124.7905,0.005,0.8,
0.99883878, 0.35680073, 2.4822, 0.0087803629, 0.12599484, 1114.0954, -15.500687, 1129.596,0.005,0.9,
0.99283016, 0.36379843, 2.4464884, 0.013570258, 0.12645102, 1061.0027, -21.297728, 1082.3005,0.005,1.0,
0.99634146, 0.34613693, 2.3661701, 0.0087951001, 0.12684125, 1067.4623, -13.653408, 1081.1157,0.006,0.1,
0.99132065, 0.31698863, 2.6741015, 0.0015389159, 0.12682769, 930.91154, -39.387322, 970.29887,0.006,0.2,
0.99898148, 0.35150121, 2.6967473, 0.00074045945, 0.12619003, 1001.1211, -18.118014, 1019.2391,0.006,0.3,
0.99799362, 0.3754111, 2.8423711, 0.0049721576, 0.12582728, 978.10804, -40.225627, 1018.3337,0.006,0.4,
0.99336348, 0.4384556, 3.0146675, 0.0052145266, 0.1263037, 1112.2008, -17.868649, 1130.0694,0.006,0.5,
0.99313725, 0.43799337, 3.0185772, 0.0019689286, 0.1253091, 1141.6495, -86.430347, 1228.0798,0.006,0.6,
0.99585876, 0.42967802, 2.0008731, 0.0049361969, 0.12661109, 1115.2159, -11.894794, 1127.1106,0.006,0.7,
0.99, 0.44193645, 1.4341457, 0.0056006423, 0.12651981, 1099.0606, -6.881869, 1105.9425,0.006,0.8,
0.99590844, 0.38168765, 2.0893219, 0.0026403593, 0.1267086, 1137.9527, -17.050387, 1155.0031,0.006,0.9,
1, 0.43479544, 2.596448, 0.0073704922, 0.12652257, 1001.173, -36.377023, 1037.55,0.006,1.0,
0.98924756, 0.36299582, 1.7546644, 0.0064802571, 0.12741032, 1069.732, -54.569825, 1124.3019,0.007,0.1,
0.99028625, 0.42089829, 2.3025962, 0.0027116121, 0.12691601, 1141.3745, -9.9136718, 1151.2882,0.007,0.2,
0.99036308, 0.40484037, 2.748216, 0.00092878893, 0.12634649, 1035.36, -25.613589, 1060.9736,0.007,0.3,
0.99146259, 0.43283946, 2.9915424, 0.0070272982, 0.12638594, 1060.4479, -53.665965, 1114.1139,0.007,0.4,
0.99109835, 0.35100149, 2.9181557, 0.0062188776, 0.12514318, 1107.6297, -36.78329, 1144.413,0.007,0.5,
0.99496459, 0.36983705, 2.3309289, 0.0058810765, 0.12665313, 1060.9878, -20.725454, 1081.7133,0.007,0.6,
0.99340121, 0.36470889, 2.1610619, 0.0051100931, 0.12597673, 1015.6541, -26.019443, 1041.6736,0.007,0.7,
0.98681762, 0.38905644, 2.0214529, 0.0094077274, 0.1277187, 1054.7724, -44.136184, 1098.9086,0.007,0.8,
0.98347826, 0.42651179, 2.3432814, 0.0012781382, 0.12731541, 1078.0521, -40.021485, 1118.0736,0.007,0.9,
0.99643876, 0.39073285, 3.1146756, 0.0040947804, 0.12746862, 1157.3103, -28.730001, 1186.0403,0.007,1.0,
0.9825, 0.40446368, 1.8140256, 0.0029747817, 0.12694922, 1006.8024, -11.47369, 1018.2761,0.008,0.1,
0.99123549, 0.43164171, 2.9044231, 0.0025521786, 0.12697478, 1089.2808, -13.838268, 1103.1191,0.008,0.2,
0.99561547, 0.40514589, 2.5744545, 0.0058555212, 0.12620642, 1120.7588, -23.967451, 1144.7262,0.008,0.3,
0.99735014, 0.48576044, 2.1163824, 0.00054478541, 0.12650186, 1069.9206, -14.232497, 1084.1531,0.008,0.4,
1, 0.36002432, 2.1101032, 0.0050522785, 0.12722965, 1043.506, -15.53523, 1059.0413,0.008,0.5,
0.99577724, 0.37960627, 2.7269685, 0.0064922529, 0.12634292, 940.40381, -54.462497, 994.86631,0.008,0.6,
0.99162742, 0.31942213, 2.7514385, 0.0050327544, 0.1275598, 1096.8217, -42.73629, 1139.558,0.008,0.7,
0.99207851, 0.34014127, 2.553449, 0.0097100331, 0.12677407, 1067.9186, -14.939916, 1082.8585,0.008,0.8,
0.9932278, 0.36453186, 2.1435862, 0.0086612122, 0.12745894, 1151.2542, -10.813994, 1162.0682,0.008,0.9,
0.99148396, 0.33444811, 2.3760312, 0.0074296329, 0.12650759, 1055.2536, -19.174393, 1074.428,0.008,1.0,
0.99163763, 0.34710305, 2.7770565, 0.011931787, 0.12703091, 1099.135, -108.16277, 1207.2977,0.009,0.1,
0.99785247, 0.37417808, 2.6342337, 0.0087489788, 0.12617712, 1072.2854, -20.805753, 1093.0912,0.009,0.2,
0.99791667, 0.37522073, 2.8070507, 0.0082836594, 0.12630201, 1048.6342, -44.934693, 1093.5689,0.009,0.3,
1, 0.35562845, 2.0230214, 0.0061597915, 0.12746746, 1009.5848, -10.437333, 1020.0222,0.009,0.4,
0,0,0,0,0,0,0,0,0.009,0.5,
0.99873006, 0.31631116, 2.2546314, 0.0013299217, 0.1278382, 1079.4909, -12.524313, 1092.0152,0.009,0.6,
0.99541851, 0.3734184, 2.4989071, 0.0077814634, 0.12664703, 1070.5063, -26.436349, 1096.9427,0.009,0.7,
0.99660037, 0.3373018, 2.5473272, 0.002514712, 0.12473778, 912.3817, -29.230661, 941.61236,0.009,0.8,
0.98935218, 0.3031109, 2.5045715, 0.0069262004, 0.12679568, 1014.9608, -31.645755, 1046.6066,0.009,0.9,
0.99793681, 0.3389927, 2.7301215, 0.0040879874, 0.12448315, 897.85158, -53.921237, 951.77282,0.009,1.0,
0.99215686, 0.34949919, 2.934906, 0.0083876053, 0.1265894, 1161.0752, -27.851714, 1188.927,0.010,0.1,
0.99063361, 0.48084342, 2.730414, 0.002703219, 0.12601267, 985.59604, -34.987136, 1020.5832,0.010,0.2,
0,0,0,0,0,0,0,0,0.010,0.3,
0.99274215, 0.33640113, 2.3627121, 0.0077827268, 0.12675673, 1018.3428, -18.314665, 1036.6574,0.010,0.4,
0.9975607, 0.35471406, 2.3780204, 0.0045968839, 0.12716652, 1023.7694, -21.394239, 1045.1637,0.010,0.5,
0.9956095, 0.36933302, 2.6204329, 0.0069202491, 0.12697888, 840.67185, -44.75947, 885.43132,0.010,0.6,
1, 0.31826115, 2.5593261, 0.0012796309, 0.12626065, 938.30742, -31.461646, 969.76906,0.010,0.7,
0,0,0,0,0,0,0,0,0.010,0.8,
0,0,0,0,0,0,0,0,0.010,0.9,
0.99642276, 0.36654129, 2.3496476, 0.0083056357, 0.12826493, 1036.2528, -12.884646, 1049.1374,0.010,1.0,
0,0,0,0,0,0,0,0,0.1,1,
0,0,0,0,0,0,0,0,0.1,2,
0,0,0,0,0,0,0,0,0.1,3,
0,0,0,0,0,0,0,0,0.2,1,
0,0,0,0,0,0,0,0,0.2,2,
0,0,0,0,0,0,0,0,0.2,3,
0.99932227, 0.69551806, 34.925395, 0.0053449323, 0.10679706, 972.24653, -141.89444, 1114.141,0.1,1,
0.99986202, 1.7815762, 34.920777, 0.0076257593, 0.068632701, 1426.0082, -1828.8577, 3254.8659,0.1,3,
